{
    "normals":[0,0,-1,0,0,-0.999969],
    "metadata":{
        "normals":2,
        "type":"Geometry",
        "uvs":0,
        "generator":"io_three",
        "vertices":252,
        "version":3,
        "faces":250
    },
    "uvs":[],
    "vertices":[0.230252,0,-0.292323,0.269857,0,-0.2936,0.256112,0,-0.294083,0.283367,0,-0.292171,0.205409,0,-0.287195,0.296604,0,-0.28983,0.309527,0,-0.286608,0.181818,0,-0.278931,0.322099,0,-0.282539,0.334279,0,-0.277655,0.50955,0,-0.274704,0.515148,0,-0.269095,0.519016,0,-0.280002,0.159713,0,-0.267764,0.346029,0,-0.271989,0.499933,0,-0.269615,0.357309,0,-0.265573,0.490173,0,-0.264748,0.510605,0,-0.258454,0.13933,0,-0.253923,0.368081,0,-0.25844,0.480276,0,-0.260115,0.470249,0,-0.255729,0.505417,0,-0.248114,0.378305,0,-0.250623,-0.331041,0,-0.251256,-0.302304,0,-0.230167,-0.326974,0,-0.258411,0.460098,0,-0.251605,0.120903,0,-0.237641,0.449829,0,-0.247754,-0.33479,0,-0.243882,0.387942,0,-0.242153,0.499612,0,-0.238106,0.43945,0,-0.244191,0.428966,0,-0.240927,-0.338212,0,-0.236306,0.396953,0,-0.233065,0.418384,0,-0.237976,0.49322,0,-0.228463,0.407711,0,-0.235351,0.104667,0,-0.219149,-0.341301,0,-0.228545,-0.275779,0,-0.203699,-0.344052,0,-0.220614,0.486271,0,-0.219218,-0.346457,0,-0.21253,0.478793,0,-0.210403,0.090857,0,-0.198679,-0.34851,0,-0.204309,0.470817,0,-0.202051,-0.350204,0,-0.195967,0.536582,0,-0.200307,0.538814,0,-0.19444,0.545307,0,-0.203964,-0.247501,0,-0.179101,0.462372,0,-0.194195,0.527776,0,-0.196849,0.079707,0,-0.176461,0.518884,0,-0.193593,-0.351533,0,-0.187521,0.532018,0,-0.185119,0.453486,0,-0.186866,0.509905,0,-0.190543,0.500835,0,-0.187701,0.49167,0,-0.185071,-0.35249,0,-0.178987,0.444189,0,-0.180098,0.524929,0,-0.176007,0.482407,0,-0.182657,0.473043,0,-0.18046,0.463575,0,-0.178485,0.434511,0,-0.173924,-0.217569,0,-0.15647,-0.35307,0,-0.170381,0.453999,0,-0.176736,0.444312,0,-0.175214,0.071452,0,-0.152728,0.517556,0,-0.167109,-0.353264,0,-0.16172,0.509909,0,-0.158433,-0.352569,0,-0.145223,0.501998,0,-0.149986,-0.186086,0,-0.135898,0.066327,0,-0.127711,0.493833,0,-0.141773,-0.350521,0,-0.129099,0.485423,0,-0.133801,-0.153151,0,-0.117482,0.476779,0,-0.126077,-0.347176,0,-0.113404,0.064567,0,-0.10164,0.467909,0,-0.118607,0.458824,0,-0.111398,-0.118867,0,-0.101314,-0.342588,0,-0.098198,0.449534,0,-0.104456,0.44975,0,-0.102344,0.44993,0,-0.100232,0.064605,0,-0.097886,-0.083335,0,-0.087489,0.450077,0,-0.09812,-0.336814,0,-0.08354,0.450195,0,-0.096008,0.064719,0,-0.094135,0.450287,0,-0.093895,0.064904,0,-0.09039,0.450356,0,-0.091783,0.450405,0,-0.089671,0.065158,0,-0.086655,0.450439,0,-0.087559,0.450459,0,-0.085447,-0.046654,0,-0.076103,0.065477,0,-0.082933,0.450469,0,-0.083335,-0.329908,0,-0.069488,0.450473,0,-0.081222,0.065858,0,-0.079228,0.450473,0,-0.07911,0.066297,0,-0.075542,0.446444,0,-0.014882,-0.008928,0,-0.06725,0.066792,0,-0.071878,0.067339,0,-0.068241,-0.321926,0,-0.056101,0.067936,0,-0.064633,0.029745,0,-0.061024,0.068577,0,-0.061058,0.069261,0,-0.057519,-0.312924,0,-0.043438,-0.302957,0,-0.031557,-0.292081,0,-0.020517,-0.355142,0,-0.025367,-0.348511,0,-0.021984,-0.355142,0,-0.025602,-0.355142,0,-0.025132,-0.355142,0,-0.024898,-0.355142,0,-0.024663,-0.355142,0,-0.024428,-0.355142,0,-0.024194,-0.355142,0,-0.023959,-0.355142,0,-0.023724,-0.355142,0,-0.02349,-0.355142,0,-0.023255,-0.355142,0,-0.02302,-0.355142,0,-0.022785,-0.353779,-0,0.00011,-0.341762,0,-0.018643,-0.28035,0,-0.010376,-0.334896,0,-0.015583,-0.327913,0,-0.012807,0.434438,-0,0.049833,-0.320812,0,-0.010317,-0.26782,0,-0.001194,-0.313594,0,-0.008117,-0.306258,0,-0.006211,-0.298805,0,-0.004601,-0.291235,0,-0.003292,-0.283547,0,-0.002285,-0.275742,0,-0.001585,-0.349795,-0,0.022222,-0.343347,-0,0.043396,-0.33459,-0,0.063475,0.414573,-0,0.113876,-0.323681,-0,0.082302,-0.310777,-0,0.099721,-0.296034,-0,0.115576,0.386973,-0,0.17609,-0.279609,-0,0.129709,-0.261658,-0,0.141965,-0.242338,-0,0.152187,-0.221805,-0,0.160218,-0.200216,-0,0.165903,-0.204226,-0,0.167018,-0.208275,-0,0.168019,-0.212364,-0,0.16891,-0.280476,-0,0.187495,-0.284486,-0,0.169385,-0.287538,-0,0.168719,-0.216491,-0,0.169693,-0.281435,-0,0.169975,-0.220658,-0,0.170371,-0.278383,-0,0.170494,-0.224863,-0,0.170949,-0.275332,-0,0.170944,-0.27228,-0,0.171329,-0.229108,-0,0.171428,-0.269229,-0,0.171653,-0.233392,-0,0.171814,-0.266177,-0,0.171917,-0.237715,-0,0.172107,-0.263125,-0,0.172126,-0.242077,-0,0.172313,-0.260074,-0,0.172283,-0.257022,-0,0.172392,-0.246479,-0,0.172434,-0.253971,-0,0.172454,-0.250919,-0,0.172474,0.351756,-0,0.235319,-0.271576,-0,0.205256,-0.260954,-0,0.22189,-0.248728,-0,0.237282,0.309045,-0,0.290404,-0.235016,-0,0.251318,-0.219934,-0,0.263885,-0.2036,-0,0.274867,-0.186132,-0,0.28415,-0.167646,-0,0.291622,0.258958,-0,0.34019,-0.148261,-0,0.297167,-0.128093,-0,0.300671,-0.10726,-0,0.302021,-0.124057,-0,0.314493,-0.141558,-0,0.326068,-0.159724,-0,0.336711,-0.178516,-0,0.346386,0.201618,-0,0.383518,-0.197895,-0,0.355057,-0.217821,-0,0.362688,-0.238256,-0,0.369243,-0.259161,-0,0.374687,-0.280496,-0,0.378984,-0.302222,-0,0.382097,-0.371012,-0,0.395167,-0.388944,-0,0.382265,-0.3927,-0,0.381815,-0.3243,-0,0.383992,-0.385184,-0,0.382675,-0.381418,-0,0.383047,-0.377642,-0,0.383379,-0.373853,-0,0.383673,0.137144,-0,0.419233,-0.370048,-0,0.383927,-0.366223,-0,0.384142,-0.346692,-0,0.384631,-0.362375,-0,0.384318,-0.358502,-0,0.384455,-0.354599,-0,0.384553,-0.350663,-0,0.384611,-0.348691,-0,0.407513,-0.325771,-0,0.418822,-0.302283,-0,0.429065,0.065658,-0,0.446176,-0.27826,-0,0.438213,-0.253736,-0,0.446236,-0.012721,-0,0.46319,-0.228742,-0,0.453106,-0.203311,-0,0.458792,-0.177476,-0,0.463266,-0.097871,-0,0.469118,-0.151269,-0,0.466498,-0.124723,-0,0.468458],
    "name":"Curve.001_Mesh.001Geometry",